{
  "controller/ListSelector-dbg.js": 1677014325094,
  "model/models.js": 1677014325118,
  "utils/locate-reuse-libs.js": 1677014325130,
  "manifest.json": 1677948380073,
  "model/formatter.js": 1677014325114,
  "controller/NotFound.controller.js": 1677014325094,
  "controller/ListSelector.js": 1677014325094,
  "controller/List.controller.js": 1677339269824,
  "controller/ErrorHandler.js": 1677014325090,
  "controller/DetailObjectNotFound.controller.js": 1677014325090,
  "controller/Detail.controller.js": 1677740535369,
  "controller/BaseController.js": 1677014325082,
  "controller/App.controller.js": 1677014325082,
  "Component.js": 1677014325078,
  "Component-preload.js": 1677948380368,
  "i18n/i18n.properties": 1677014325102,
  "model/models-dbg.js": 1677014325118,
  "model/formatter-dbg.js": 1677014325114,
  "controller/NotFound-dbg.controller.js": 1677014325094,
  "utils/locate-reuse-libs-dbg.js": 1677014325130,
  "controller/List-dbg.controller.js": 1677339269824,
  "controller/ErrorHandler-dbg.js": 1677014325090,
  "controller/DetailObjectNotFound-dbg.controller.js": 1677014325090,
  "controller/Detail-dbg.controller.js": 1677740535369,
  "controller/BaseController-dbg.js": 1677014325082,
  "controller/App-dbg.controller.js": 1677014325082,
  "Component-dbg.js": 1677014325078,
  "view/ViewSettingsDialog.fragment.xml": 1677014325142,
  "view/NotFound.view.xml": 1677014325142,
  "view/List.view.xml": 1677485791150,
  "view/DetailObjectNotFound.view.xml": 1677014325138,
  "view/Detail.view.xml": 1677487627929,
  "view/App.view.xml": 1677014325134,
  "css/style.css": 1677014325098,
  "index.html": 1677014325106
}